{
  "model_path": "test_data/lgb_model.pkl",
  "keep_columns": [
    "idx"
  ],
  "table_name": "input_table",
  "tree2code_sql_path": "docs/sql_compare/lgb_tree2code_hive.sql",
  "treemodel2sql_sql_path": "docs/sql_compare/lgb_treemodel2sql.sql",
  "normalized_sql_equal": false,
  "tree2code_sql_length": 134300,
  "treemodel2sql_sql_length": 72826,
  "number_compare": {
    "summary": {
      "total_tokens_a": 2108,
      "total_tokens_b": 1889,
      "unique_values_a": 702,
      "unique_values_b": 793,
      "exact_shared_count": 1214,
      "exact_only_a_count": 894,
      "exact_only_b_count": 675,
      "approx_shared_count": 1523,
      "approx_only_a_count": 585,
      "approx_only_b_count": 366
    },
    "top_exact_shared": [
      [
        "0",
        196
      ],
      [
        "5",
        120
      ],
      [
        "4",
        80
      ],
      [
        "6",
        74
      ],
      [
        "7",
        72
      ],
      [
        "1.5000000000000002",
        53
      ],
      [
        "3",
        44
      ],
      [
        "2.5000000000000004",
        40
      ],
      [
        "8",
        35
      ],
      [
        "3.5000000000000004",
        19
      ],
      [
        "21.500000000000004",
        7
      ],
      [
        "184.50000000000003",
        7
      ],
      [
        "14.500000000000002",
        6
      ],
      [
        "484.50000000000006",
        6
      ],
      [
        "192.50000000000003",
        5
      ],
      [
        "196.50000000000003",
        4
      ],
      [
        "2351.5000000000005",
        4
      ],
      [
        "426.50000000000006",
        4
      ],
      [
        "382.50000000000006",
        3
      ],
      [
        "264.50000000000006",
        3
      ]
    ],
    "top_exact_only_tree2code": [
      [
        "5",
        195
      ],
      [
        "1E-13",
        99
      ],
      [
        "4",
        95
      ],
      [
        "6",
        80
      ],
      [
        "7",
        75
      ],
      [
        "0",
        35
      ],
      [
        "4.5000000000000009",
        13
      ],
      [
        "5.5000000000000009",
        11
      ],
      [
        "6.5000000000000009",
        5
      ],
      [
        "3",
        5
      ],
      [
        "7.5000000000000009",
        3
      ],
      [
        "96.500000000000014",
        3
      ],
      [
        "44.500000000000007",
        3
      ],
      [
        "57.500000000000007",
        3
      ],
      [
        "34.500000000000007",
        2
      ],
      [
        "45.500000000000007",
        2
      ],
      [
        "65.500000000000014",
        2
      ],
      [
        "46.500000000000007",
        2
      ],
      [
        "8.5000000000000018",
        2
      ],
      [
        "-2.4628822481842358",
        1
      ]
    ],
    "top_exact_only_treemodel2sql": [
      [
        "1",
        30
      ],
      [
        "2",
        30
      ],
      [
        "9",
        30
      ],
      [
        "4.500000000000001",
        13
      ],
      [
        "5.500000000000001",
        11
      ],
      [
        "8",
        5
      ],
      [
        "6.500000000000001",
        5
      ],
      [
        "1E+1",
        3
      ],
      [
        "11",
        3
      ],
      [
        "12",
        3
      ],
      [
        "13",
        3
      ],
      [
        "14",
        3
      ],
      [
        "15",
        3
      ],
      [
        "16",
        3
      ],
      [
        "17",
        3
      ],
      [
        "18",
        3
      ],
      [
        "19",
        3
      ],
      [
        "2E+1",
        3
      ],
      [
        "21",
        3
      ],
      [
        "22",
        3
      ]
    ],
    "top_approx_shared": [
      [
        "0",
        195
      ],
      [
        "5",
        120
      ],
      [
        "4",
        80
      ],
      [
        "6",
        74
      ],
      [
        "7",
        72
      ],
      [
        "1.5",
        53
      ],
      [
        "3",
        44
      ],
      [
        "2.5",
        40
      ],
      [
        "8",
        35
      ],
      [
        "3.5",
        19
      ],
      [
        "4.5",
        13
      ],
      [
        "5.5",
        11
      ],
      [
        "21.5",
        7
      ],
      [
        "184.5",
        7
      ],
      [
        "14.5",
        6
      ],
      [
        "484.5",
        6
      ],
      [
        "6.5",
        5
      ],
      [
        "192.5",
        5
      ],
      [
        "196.5",
        4
      ],
      [
        "2351.5",
        4
      ]
    ],
    "close_but_not_exact": [
      {
        "tree2code_value": "-2.4628822481842358",
        "treemodel2sql_value": "-2.462882248184236",
        "abs_diff": 0.0,
        "tree2code_count": 1,
        "treemodel2sql_count": 1
      },
      {
        "tree2code_value": "0.0073109151833848987",
        "treemodel2sql_value": "0.007310915183384899",
        "abs_diff": 0.0,
        "tree2code_count": 1,
        "treemodel2sql_count": 1
      },
      {
        "tree2code_value": "0.038499405054906399",
        "treemodel2sql_value": "0.0384994050549064",
        "abs_diff": 0.0,
        "tree2code_count": 1,
        "treemodel2sql_count": 1
      },
      {
        "tree2code_value": "0.034415959832898392",
        "treemodel2sql_value": "0.03441595983289839",
        "abs_diff": 0.0,
        "tree2code_count": 1,
        "treemodel2sql_count": 1
      },
      {
        "tree2code_value": "0.054706905369382289",
        "treemodel2sql_value": "0.05470690536938229",
        "abs_diff": 0.0,
        "tree2code_count": 1,
        "treemodel2sql_count": 1
      },
      {
        "tree2code_value": "0.023666342845193498",
        "treemodel2sql_value": "0.0236663428451935",
        "abs_diff": 0.0,
        "tree2code_count": 1,
        "treemodel2sql_count": 1
      },
      {
        "tree2code_value": "0.0056295611338307242",
        "treemodel2sql_value": "0.005629561133830724",
        "abs_diff": 0.0,
        "tree2code_count": 1,
        "treemodel2sql_count": 1
      },
      {
        "tree2code_value": "34.500000000000007",
        "treemodel2sql_value": "34.50000000000001",
        "abs_diff": 0.0,
        "tree2code_count": 2,
        "treemodel2sql_count": 2
      },
      {
        "tree2code_value": "0.0087501655617911664",
        "treemodel2sql_value": "0.008750165561791166",
        "abs_diff": 0.0,
        "tree2code_count": 1,
        "treemodel2sql_count": 1
      },
      {
        "tree2code_value": "0.037058036909436987",
        "treemodel2sql_value": "0.03705803690943699",
        "abs_diff": 0.0,
        "tree2code_count": 1,
        "treemodel2sql_count": 1
      },
      {
        "tree2code_value": "9.5000000000000018",
        "treemodel2sql_value": "9.500000000000002",
        "abs_diff": 0.0,
        "tree2code_count": 1,
        "treemodel2sql_count": 1
      },
      {
        "tree2code_value": "-0.00048790121227694142",
        "treemodel2sql_value": "-0.0004879012122769414",
        "abs_diff": 0.0,
        "tree2code_count": 1,
        "treemodel2sql_count": 1
      },
      {
        "tree2code_value": "0.027267082181530761",
        "treemodel2sql_value": "0.02726708218153076",
        "abs_diff": 0.0,
        "tree2code_count": 1,
        "treemodel2sql_count": 1
      },
      {
        "tree2code_value": "45.500000000000007",
        "treemodel2sql_value": "45.50000000000001",
        "abs_diff": 0.0,
        "tree2code_count": 2,
        "treemodel2sql_count": 2
      },
      {
        "tree2code_value": "0.0062776272833541761",
        "treemodel2sql_value": "0.006277627283354176",
        "abs_diff": 0.0,
        "tree2code_count": 1,
        "treemodel2sql_count": 1
      },
      {
        "tree2code_value": "-0.018931765659086799",
        "treemodel2sql_value": "-0.0189317656590868",
        "abs_diff": 0.0,