{
  "data_path": "/Users/cabbage/Project/tree2code/test_data/all_data.pq",
  "model_path": "/Users/cabbage/Project/tree2code/test_data/lgb_model.pkl",
  "raw_rows": 3999950,
  "dedup_rows": 79999,
  "score_params": {
    "base_score": 600.0,
    "pdo": 50.0,
    "base_odds": 20.0,
    "score_scale": 3
  },
  "tree2code": {
    "score_p": {
      "max_abs": 7.302870019265661e-07,
      "p99_abs": 3.3843303795355623e-07,
      "mean_abs": 8.610898596096361e-08,
      "count_ge_1e_4": 0,
      "count_ge_1e_6": 0
    },
    "score": {
      "max_abs": 0.0010000000002037268,
      "p99_abs": 0.00100000000009004,
      "mean_abs": 9.113863923294276e-05,
      "count_ge_1e_4": 7291,
      "count_ge_1e_6": 7291
    },
    "score_scale_mismatch": 7291
  },
  "treemodel2sql": {
    "score_p": {
      "max_abs": 7.302870019265661e-07,
      "p99_abs": 3.3843303795355623e-07,
      "mean_abs": 8.610898596096361e-08,
      "count_ge_1e_4": 0,
      "count_ge_1e_6": 0
    },
    "score": {
      "max_abs": 0.0010000000002037268,
      "p99_abs": 0.00100000000009004,
      "mean_abs": 9.113863923294276e-05,
      "count_ge_1e_4": 7291,
      "count_ge_1e_6": 7291
    },
    "score_scale_mismatch": 7291
  },
  "row_error_compare": {
    "treemodel2sql_worse_rows": 0,
    "tree2code_worse_rows": 0,
    "equal_rows": 79999
  },
  "threshold_summary": {
    "tree_count_common": 200,
    "threshold_mismatch_tree_indices": [
      0,
      3,
      4,
      5,
      6,
      7,
      9,
      11,
      12,
      13,
      14,
      15,
      16,
      19,
      20,
      22,
      24,
      25,
      26,
      27,
      28,
      30,
      31,
      32,
      33,
      36,
      37,
      38,
      40,
      41,
      42,
      43,
      47,
      49,
      53,
      54,
      56,
      58,
      60,
      61,
      63,
      66,
      68,
      70,
      75,
      78,
      79,
      81,
      82,
      86,
      88,
      89,
      90,
      96,
      97,
      99,
      105,
      106,
      108,
      109,
      111,
      112,
      116,
      118,
      119,
      120,
      121,
      123,
      128,
      134,
      135,
      136,
      140,
      149,
      150,
      154,
      159,
      161,
      162,
      166,
      170,
      173,
      174,
      176,
      177,
      179,
      182,
      186,
      187,
      190
    ],
    "threshold_mismatch_tree_count": 90,
    "threshold_mismatch_total_count": 99
  }
}